{"batch loss": 2.3025851249694824, "_runtime": 58, "_timestamp": 1646965766, "_step": 20060, "test loss": 2.3025851249694824, "_wandb": {"runtime": 59}}