{"batch loss": 0.04766801372170448, "_runtime": 57, "_timestamp": 1646966220, "_step": 20060, "test loss": 0.00522557133808732, "_wandb": {"runtime": 58}}